firstname,surname
john,smith
william,johnson
james,williams
charles,brown
george,jones
frank,garcia
joseph,miller
thomas,davis
henry,rodriguez
robert,martinez
edward,hernandez
harry,lopez
walter,gonzalez
arthur,wilson
fred,anderson
albert,thomas
samuel,taylor
david,moore
louis,jackson
joe,martin
charlie,lee
clarence,perez
richard,thompson
andrew,white
daniel,harris
ernest,sanchez
will,clark
jesse,ramirez
oscar,lewis
lewis,robinson
peter,walker
benjamin,young
frederick,allen
willie,king
alfred,wright
sam,scott
roy,torres
herbert,nguyen
jacob,hill
tom,flores
elmer,green
carl,adams
lee,nelson
howard,baker
martin,hall
michael,rivera
bert,campbell
herman,mitchell
jim,carter
francis,roberts
harvey,gomez
earl,phillips
eugene,evans
ralph,turner
ed,diaz
claude,parker
edwin,cruz
ben,edwards
charley,collins
paul,reyes
edgar,stewart
isaac,morris
otto,morales
luther,murphy
lawrence,cook
ira,rogers
patrick,gutierrez
guy,ortiz
oliver,morgan
theodore,cooper
hugh,peterson
clyde,bailey
alexander,reed
august,kelly
floyd,howard
homer,ramos
jack,kim
leonard,cox
horace,ward
marion,richardson
philip,watson
allen,brooks
archie,chavez
stephen,wood
chester,james
willis,bennett
raymond,gray
rufus,mendoza
warren,ruiz
jessie,hughes
milton,price
alex,alvarez
leo,castillo
julius,sanders
ray,patel
sidney,myers
bernard,long
dan,ross
jerry,foster
calvin,jimenez
